0.805,71.891,0.24182,90.82
1.18,17.882,0.80334,81.333
1.175,16.763,0.75128,78.405
1.155,17.803,0.73344,81.427
1.18,17.339,0.8015,81.627
1.235,17.245,0.89405,77.648
1.21,17.134,0.92806,79.337
1.205,16.505,0.94326,77.559
1.205,17.781,0.95631,79.812
1.28,18.845,0.85897,77.75
1.22,18.149,0.87853,80.216
1.25,16.048,0.99101,73.204
1.32,18.004,1.2961,73.679
1.26,15.701,0.9759,72.165
1.245,16.438,1.1069,75.265
1.235,17.436,1.1733,77.672
1.23,17.82,1.02,78.362
1.175,17.582,0.76923,80.981
1.165,16.252,0.879,77.533
1.205,15.905,0.84624,74.675
1.16,16.117,0.81244,82.121
1.19,15.061,0.84181,74.11
1.215,17.283,0.8744,79.057
1.18,17.695,0.88809,81.976
1.21,18.268,0.96626,81.545
1.21,16.973,0.8012,77.775
1.155,15.615,0.67313,77.611
1.21,16.534,0.82042,75.241
1.215,17.384,0.86379,77.248
1.24,16.671,1.0015,75.318
1.225,17.3,0.87153,78.043
1.18,18.327,0.72744,82.382
1.155,15.458,0.93752,76.366
1.27,16.419,1.2133,73.101
1.34,17.777,1.0892,73.352
1.265,17.115,1.0264,73.738
1.195,14.53,0.78494,71.501
1.25,18.472,0.9875,78.519
1.23,18.872,0.83973,81.734
1.2,17.282,1.0881,80.633
1.265,17.092,1.1563,75.816
1.27,17.254,1.1381,76.029
1.315,16.695,1.3506,72.507
1.34,18.167,1.2995,73.943
1.36,18.661,1.5954,74.014
1.34,17.459,1.6434,72.714
1.305,16.383,1.8129,72.178
1.405,20.113,2.0639,74.247
1.345,18.135,1.4639,72.902
1.31,17.022,1.1139,70.97
1.24,17.098,0.97032,75.533
1.205,17.087,0.85994,77.07
1.205,15.733,1.1577,75.422
1.27,17.158,1.2305,73.253
1.285,18.108,1.0033,73.365
1.315,17.548,1.546,72.896
1.27,16.018,1.0976,73.231
1.26,17.423,1.0464,76.404
1.31,18.486,1.071,75.427
1.2,16.78,0.86695,77.771
1.27,16.162,1.1701,71.863
1.28,17.2,1.1834,75.748
1.365,17.737,1.4985,71.792
1.265,17.287,1.1635,75.535
1.225,18.039,0.79124,77.654
1.22,17.296,0.97609,78.869
1.255,16.934,0.96588,75.931
1.22,16.169,0.95833,74.282
1.16,15.324,0.83096,77.436
1.265,17.629,1.1591,75.598
1.215,16.157,0.99727,75.095
1.29,17.635,1.1476,75.77
1.255,16.898,1.3406,76.848
1.26,16.843,1.2606,74.869
1.25,17.336,1.1508,77.063
1.22,15.912,0.88012,76.434
1.17,16.031,0.82121,78.683
1.095,16.111,0.60638,82.364
1.24,17.827,1.08,78.613
1.31,15.845,1.7971,69.76
1.3,20.794,1.1012,76.481
1.17,17.391,0.84997,77.367
1.295,18.445,1.3031,73.492
1.205,16.375,0.92158,74.986
1.11,17.66,0.72414,80.169
0.935,19.27,0.41913,90.59
1.07,16.918,0.58315,81.171
1.175,17.015,0.89821,77.257
1.195,18.372,0.87376,80.441
1.23,19.016,0.84221,80.153
1.335,18.406,1.0313,69.064
1.215,17.808,0.84405,76.755
1.33,18.657,1.7402,73.086
1.275,17.871,1.4296,75.712
1.285,17.981,1.247,74.393
1.36,19.645,1.2188,75.929
1.23,16.394,1.5477,74.188
1.365,18.199,1.5123,70.914
1.29,18.292,0.98364,74.753
1.17,16.008,0.82542,72.39
1.235,17.993,1.0129,76.55
1.21,15.769,0.9941,75.015
1.325,17.446,1.3239,72.656
1.295,18.912,1.0285,77.167
1.195,17.255,0.81372,78.06
1.28,18.065,1.0909,75.938
1.275,17.524,1.2151,73.722
1.23,15.615,1.3951,71.354
1.085,15.534,0.79512,82.758
1.165,15.488,1.2168,77.077
1.06,14.371,0.83892,80.728
1.13,15.496,1.0417,76.168
1.215,16.863,0.93179,75.518
1.21,18.002,0.85385,74.577
1,17.237,0.43092,86.027
1.34,17.378,1.5414,69.549
1.22,16.899,0.96494,78.656
1.26,16.599,1.0035,74.046
1.205,17.567,0.95688,80.395
1.18,18.376,0.83478,81.619
1.14,16.86,0.68972,81.443
1.2,17.812,0.87652,81.574
1.27,16.38,0.99454,73.324
1.325,18.735,0.90544,74.594
1.27,17.458,1.0501,75.573
1.255,15.777,1.1806,71.618
1.34,18.163,1.492,72.081
1.37,20.161,1.6108,75.517
1.33,19.142,1.6266,75.186
1.345,17.283,1.9143,71.022
1.41,20.01,1.9556,72.749
1.375,18.167,1.3329,72.461
1.36,18.934,1.1295,72.963
1.27,16.915,1.0137,72.577
1.22,17.473,1.0138,79.195
1.24,16.86,1.2233,75.224
1.21,15.985,1.0885,75.9
1.36,18.623,1.581,72.574
1.255,18.001,1.1933,77.282
1.28,17.432,1.0905,75.043
1.32,16.665,1.0282,72.635
1.215,14.881,1.0352,71.881
1.29,17.418,1.2247,74.54
1.265,17.741,1.1318,76.476
1.245,17.637,0.9335,76.77
1.275,18.063,1.0794,75.818
1.11,15.27,0.57917,76.798
1.145,17.118,0.62172,80.876
1.235,16.507,1.0546,76.198
1.28,19.345,0.85226,77.385
1.21,15.675,1.0413,76.611
1.28,18.253,1.0906,77.112
1.305,19.203,1.0742,78.164
1.275,16.581,1.2233,73.255
1.335,16.986,1.7573,69.052
1.31,16.401,1.2153,71.013
1.22,15.614,0.91959,73.533
1.28,17.577,0.93907,72.609
1.275,18.336,0.85145,76.107
1.215,16.08,1.0412,75.689
1.245,17.352,0.9345,78.333
1.265,18.375,0.86948,76.836
1.205,17.086,0.79545,77.429
1.23,16.893,0.97542,76.098
1.23,16.847,0.80429,74.986
1.15,15.376,0.74807,77.304
1.19,16.943,0.76434,78.999
1.22,17.211,0.89594,76.752
1.215,17.269,0.86356,77.436
1.23,17.403,0.96053,77.739
1.215,17.23,0.85262,77.536
1.27,16.938,0.88437,74.053
1.235,15.661,0.87376,74.758
1.265,16.361,1.0967,73.63
1.225,16.638,1.1429,75.08
1.23,16.912,0.97203,76.623
1.26,18.646,0.95075,78.441
1.275,19.776,0.85669,80.166
1.23,17.645,0.80451,78.076
1.25,17.712,0.86005,76.769
1.275,18.379,0.92284,76.303
1.28,17.875,1.0323,75.895
1.245,17.578,0.85955,77.468
1.235,19.303,0.88758,80.097
1.2,16.525,0.86204,76.85
1.265,18.705,0.97806,78.622
1.245,20.122,0.85322,81.288
1.27,19.652,0.85321,79.097
1.21,17.265,0.69464,78.039
1.215,18.501,0.73914,79.986
1.25,18.592,0.9711,79.095
1.27,18.161,0.91725,76.797
1.235,17.052,0.86227,76.739
1.215,17.752,0.78043,78.435
1.3,18.629,0.9758,76.474
1.25,18.278,0.85496,79.277
1.245,17.706,0.87444,76.313
1.23,17.41,0.86768,76.989
1.245,18.679,0.82254,78.055
1.26,18.629,0.8844,79.102
1.245,17.63,1.0426,77.073
1.255,18.421,0.88735,76.952
1.23,17.01,0.98022,76.141
1.275,18.271,0.90082,77.194
1.2,17.216,0.81377,78.362
1.255,17.333,0.83787,76.215
1.245,16.95,0.92555,74.415
1.285,19.157,1.0545,76.91
1.315,18.851,1.2142,75.097
1.31,18.784,1.0726,75.157
1.285,19.139,1.093,79.785
1.39,19.653,1.507,73.892
1.25,17.551,0.88827,76.062
1.165,16.218,0.70857,78.341
1.24,18.202,0.79548,78.825
1.215,16.463,0.84895,76.527
1.235,18.436,0.93058,77.036
1.265,18.026,0.90782,76.958
1.26,18.377,1.0477,77.546
1.285,18.268,0.97521,76.774
1.245,17.828,0.90634,77.44
1.245,18.542,0.80032,77.473
1.225,17.881,0.84631,79.06
1.22,17.756,0.7759,78.025
1.18,17.91,0.804,79.829
1.175,18.318,0.66957,81.215
1.175,17.219,0.82117,78.978
1.24,18.538,0.94181,79.518
1.285,18.196,0.9573,77.465
1.27,16.985,0.90086,73.602
1.255,16.982,0.91401,74.401
1.305,18.276,1.2239,76.166
1.305,18.384,1.1559,75.126
1.26,17.452,1.024,75.712
1.27,17.511,0.94606,73.246
1.3,17.284,1.1457,74.487
1.235,17.425,0.94256,77.256
1.26,18.867,0.95271,78.108
1.175,15.579,0.69506,76.34
1.155,13.467,0.93328,72.438
1.33,16.735,1.1793,69.986
1.29,18.508,1.2096,76.785
1.285,16.739,1.0315,72.779
1.245,16.884,0.95691,73.065
1.205,17.688,0.88725,78.094
1.2,17.231,0.83188,77.607
1.225,17.274,0.75322,75.055
1.14,16.783,0.62622,79.668
1.2,18.356,0.87052,76.862
1.165,16.235,0.80739,78.041
1.24,18.651,0.77231,79.558
1.195,19.305,0.82537,81.72
1.12,17.439,0.56048,79.405
1.255,17.172,0.87483,75.622
1.285,17.129,1.1393,73.329
1.355,19.252,1.413,73.151
1.355,19.677,1.3093,74.262
1.365,20.349,1.356,75.061
1.305,21.175,1.024,80.136
1.185,17.55,0.86856,79.026
1.17,17.807,0.66882,79.344
1.175,20.193,0.64147,84.296
1.18,17.239,0.64708,78.66
1.275,17.515,0.86392,76.073
1.375,20.72,1.0003,76.737
1.23,18.94,0.72458,80.209
1.255,18.616,0.84286,77.967
1.32,21.209,1.1037,80.863
1.345,19.517,1.3195,76.882
1.41,18.952,1.2356,71.156
1.315,19.483,0.86293,77.272
1.305,19.714,1.0031,79.157
1.255,16.441,1.1873,75.171
1.24,17.069,0.94193,75.633
1.28,20.013,0.97392,77.59
1.19,16.858,0.93152,76.266
1.3,18.658,1.2069,77.365
1.325,18.719,1.3944,75.647
1.305,18.011,1.2248,76.166
1.27,18.742,1.0264,78.859
1.3,20.201,1.3331,78.867
1.305,17.412,1.4217,73.599
1.315,17.472,1.245,70.538
1.32,17.495,1.1545,73.088
1.36,19.53,1.0865,73.777
1.26,17.341,0.82904,75.413
1.225,19.21,0.74146,79.082
1.285,19.977,0.99758,78.279
1.215,17.238,0.78105,76.545
1.345,19.272,1.1166,75.306
1.31,19.232,1.1855,75.543
1.255,18.159,0.93555,76.432
1.345,17.946,1.2202,71.529
1.275,16.082,1.1722,71.223
1.28,17.709,1.1022,74.838
1.24,18.998,0.85359,79.875
1.2,16.781,0.77913,75.489
1.195,16.714,0.8869,77.184
1.15,15.261,0.8052,74.294
1.04,15.836,0.52136,79.253
1.175,14.087,0.83258,71.584
1.215,16.416,0.9444,74.306
1.18,17.05,0.73993,79.507
1.215,16.596,0.891,76.104
1.3,18.223,1.0605,77.084
1.285,19.262,1.0085,79.327
1.24,16.38,0.94422,75.7
1.125,17.374,0.65394,77.169
1.265,20.241,0.87528,80.271
1.225,16.893,0.89179,74.501
1.2,18.76,0.64227,79.075
1.36,19.081,1.4059,70.981
1.245,19.836,0.95074,81.413
1.245,18.172,1.0733,77.794
1.26,19.312,0.9441,79.112
1.295,17.03,1.5742,72.193
1.275,17.576,1.192,76.944
1.32,19.881,1.0716,76.826
1.245,16.729,1.0747,75.277
1.26,20.068,0.66325,74.825
1.295,17.765,1.1116,74.972
1.33,19.484,1.4914,72.9
1.34,20.184,1.4883,76.644
1.32,20.405,1.2919,77.65
1.135,18.982,0.68178,83.729
1.175,17.345,0.68001,80.275
1.335,17.149,1.5622,72.363
1.42,19.83,1.3081,71.906
1.23,15.81,1.0178,72.185
1.32,16.265,1.9304,70.6
1.295,18.489,1.7129,75.88
1.205,14.765,1.1174,74.567
1.24,16.269,1.0448,75.015
1.265,16.395,1.271,70.737
1.38,18.33,1.5554,69.229
1.265,18.796,0.76063,76.947
1.055,16.08,0.42373,69.474
1.27,18.003,1.1912,69.974
1.29,18.674,1.5366,76.537
1.17,18.464,0.85011,81.463
1.295,17.911,1.2643,73.75
1.44,20.447,2.4903,70.787
1.42,20.31,1.9055,74.104
1.245,16.75,1.2069,75.336
1.35,18.447,1.1523,73.476
1.58,20.737,4.2676,63.311
1.325,22.346,0.815,78.29
1.39,20.856,1.5906,72.605
1.405,21.748,1.495,68.452
1.36,20.306,1.3555,73.768
1.405,20.505,1.7872,69.038
1.325,18.334,1.7091,72.787
1.255,20.942,0.8166,78.639
1.33,19.598,1.3443,75.585
1.405,20.699,1.7254,73.915
1.32,18.997,1.6525,76.012
1.335,21.329,1.4288,77.029
1.4,20.715,1.6652,71.656
1.03,18.389,0.50578,70.976
1.385,20.064,1.7286,71.644
1.255,17.974,1.3542,77.629
1.28,17.332,1.2843,72.401
1.315,18.672,1.24,73.139
1.3,16.895,2.1611,66.415
1.32,19.884,1.6584,78.718
1.28,16.401,1.333,69.072
1.295,17.387,1.3089,72.924
1.325,18.359,1.06,74.025
1.365,19.479,1.4024,72.793
1.225,17.484,0.92661,77.037
1.23,17.831,0.86673,78.15
1.28,19.115,0.8773,78.063
1.265,18.994,1.1399,79.063
1.2,18.469,0.97634,81.589
1.225,17.905,1.0431,79.058
1.26,18.897,0.88426,80.594
1.24,18.187,0.92787,77.115
1.24,17.963,0.86242,77.514
1.255,19.079,0.93899,79.124
1.21,19.344,0.86047,82.652
1.19,16.697,0.90685,78.343
1.29,20.456,1.1013,81.099
1.285,20.433,1.0899,80.622
1.25,18.614,0.96488,79.123
1.34,19.309,1.3127,75.187
1.27,16.971,1.2263,73.559
1.295,15.698,1.4948,65.686
1.3,19.605,1.4178,78.631
1.31,18.298,1.196,74.7
1.28,19.081,0.89765,76.11
1.21,18.101,0.82551,79.986
1.185,14.514,0.80864,71.772
1.35,17.141,1.2632,70.878
1.33,18.155,1.6413,72.569
1.265,16.664,1.2253,73.895
1.235,17.653,0.85209,76.989
1.195,18.085,0.94128,78.69
1.2,18.564,0.7572,79.611
1.175,17.616,0.86232,81.92
1.15,19.868,0.60903,82.925
1.21,16.198,0.93873,76.33
1.29,19.036,1.1964,77.183
1.265,17.924,1.0548,78.517
1.29,18.339,1.0184,77.352
1.265,19.638,1.13,81.33
1.2,17.78,0.89367,79.754
1.31,18.449,1.035,75.629
1.24,19.2,0.84961,80.056
1.23,17.96,0.88597,77.259
1.27,18.603,0.89739,77.604
1.265,19.814,0.88635,79.932
1.22,17.591,0.80393,77.602
1.205,18.525,0.83344,78.301
1.235,19.222,0.82758,77.919
1.215,19.236,0.85351,82.855
1.26,18.785,0.83071,76.806
1.255,19.035,0.82946,80.758
1.27,20.787,0.97307,81.413
1.2,16.433,0.91609,76.447
1.265,17.954,0.85971,75.801
1.265,19.054,0.97179,76.191
1.2,18.445,0.84912,80.085
1.13,18.421,0.70325,85.337
1.155,19.627,0.62702,85.092
1.165,18.996,0.62201,81.842
1.135,18.329,0.62068,84.153
1.2,18.06,0.68284,80.567
1.22,19.845,0.70042,81.894
1.125,19.535,0.66052,87.406
1.165,17.872,0.67741,81.744
1.24,19.093,0.92723,79.93
1.25,19.763,0.92611,82.454
1.195,17.97,0.69093,81.203
1.255,19.506,0.79246,82.236
1.255,20.265,0.79509,82.093
1.15,17.042,0.70111,80.498
1.225,17.803,0.92348,79.552
1.29,19.901,0.99379,80.896
1.26,18.049,1.0805,75.372
1.3,18.644,1.3693,76.049
1.325,19.254,1.037,76.703
1.225,17.408,0.81538,79.033
1.245,18.222,0.89195,78.312
1.195,17.915,0.81633,79.419
1.3,19.298,1.0203,78.531
1.31,17.979,1.0836,76.805
1.33,18.675,1.2412,75.32
1.09,18.969,0.53568,87.587
1.095,19.98,0.45057,88.329
1.1,18.488,0.50638,85.412
1.2,17.341,0.95099,78.598
1.265,19.142,0.9683,78.786
1.225,18.106,0.87715,79.219
1.31,17.849,1.0272,73.088
1.27,17.752,1.0253,75.997
1.3,18.386,1.2323,75.862
1.26,16.742,0.89337,73.717
1.245,16.381,1.0094,72.617
1.28,16.785,1.124,74.032
1.275,17.975,1.3187,75.143
1.245,16.925,1.1568,74.552
1.25,18.112,1.295,75.375
1.26,17.675,1.1855,76.854
1.365,20.156,1.6165,76.502
1.19,16.32,0.89479,73.725
1.405,19.751,1.4607,71.795
1.275,17.671,1.1512,74.25
1.27,17.409,1.2832,74.522
1.3,18.443,1.5055,74.2
1.295,16.536,1.5091,71.982
1.335,18.46,1.4333,74
1.26,16.996,1.1824,74.985
1.325,19.506,1.2875,76.81
1.305,17.071,1.347,72.403
1.315,17.939,1.5342,74.102
1.3,18.069,1.4568,74.62
1.305,17.813,1.5096,74.591
1.35,17.616,1.3387,70.875
1.335,18.215,1.3603,73.333
1.34,18.276,1.2485,72.161
1.265,17.018,1.2541,76.33
1.31,17.926,1.6023,72.91
1.375,17.736,1.6916,69.928
1.345,18.74,1.6622,72.275
1.295,18.338,1.4628,75.665
1.335,19.431,1.5765,75.556
1.28,18.783,1.1979,77.789
1.3,18.829,1.1249,74.586
1.275,16.681,1.2804,70.709
1.28,16.469,1.2377,74.059
1.305,17.594,1.2269,73.931
1.315,17.228,0.98755,73.384
1.285,17.958,1.1096,75.861
1.275,19.254,1.137,77.981
1.3,18.468,1.1423,75.806
1.2,16.298,1.0576,76.041
1.24,16.133,1.1582,73.991
1.32,18.015,1.1396,73.745
1.32,17.918,1.0292,72.355
1.25,16.711,0.95011,73.671
1.27,18.023,1.2796,76.691
1.225,16.999,1.2736,76.726
1.255,18.458,1.343,78.203
1.275,17.378,1.0586,75.121
1.285,17.182,1.1663,75.489
1.275,17.214,1.0419,73.922
1.235,17.45,1.0706,78.299
1.235,17.113,0.90734,74.958
1.2,18.216,0.85381,81.783
1.19,18.633,0.9891,81.25
1.215,17.991,1.0442,79.523
1.275,17.386,1.1848,77.141
1.24,17.283,1.1224,75.503
1.265,17.965,1.0831,74.875
1.25,18.169,1.1019,78.473
1.21,17.57,0.8656,79.811
1.2,17.57,0.86082,79.522
1.25,18.99,0.94458,79.164
1.135,17.949,0.81535,83.748
1.22,17.768,0.89309,78.671
1.13,16.168,0.86886,78.614
1.28,17.796,0.97832,75.738
1.205,16.6,0.92545,77.559
1.21,17.233,0.87414,77.195
1.13,17.456,0.58611,82.514
1.13,17.946,0.58603,81.535
1.145,19.081,0.70548,84.062
1.145,16.879,0.81063,80.104
1.135,17.617,0.82004,84.027
1.145,17.437,0.73515,81.275
1.15,18.427,0.69422,80.825
1.13,15.984,0.64114,79.556
1.165,17.203,0.8405,80.485
1.235,18.422,0.98246,77.36
1.205,15.906,0.91205,74.043
1.255,17.994,1.2339,79.23
1.235,17.628,0.91611,79.449
1.22,18.559,0.93368,81.971
1.21,16.731,0.88337,76.227
1.325,19.263,1.1573,75.095
1.285,18.205,1.2168,76.25
1.305,18.22,1.5289,74.409
1.345,18.941,1.5301,74.822
1.26,16.803,1.5372,74.446
1.285,18.721,1.3077,77.709
1.33,19.094,1.4607,75.274
1.265,16.705,1.2715,75.489
1.35,18.297,1.4062,72.934
1.275,18.136,1.2912,75.655
1.335,19.093,1.174,76.639
1.235,17.57,0.93645,77.931
1.24,17.29,1.3735,76.9
1.225,16.229,1.2945,76.03
1.23,16.968,1.0504,76.798
1.225,17.95,0.80548,78.499
1.195,18.985,0.66215,81.496
1.165,17.838,0.70176,79.124
1.17,17.504,0.81723,81.166
1.225,18.176,0.9548,80.621
1.215,19.367,0.99654,80.39
1.215,17.714,0.90414,78.215
1.275,17.983,1.2465,75.71
1.265,16.808,0.95322,73.819
1.225,17.645,0.82652,77.518
1.235,18.046,0.91736,78.333
1.225,18.501,0.91837,79.674
1.225,17.837,0.88859,78.513
1.215,19.184,0.89803,80.852
1.195,18.89,0.84934,81.314
1.13,17.559,0.65314,82.058
1.225,20.152,0.65104,82.463
1.175,18.202,0.62962,81.252
1.16,18.676,0.6177,82.329
1.245,20.935,0.75982,83.085
1.16,19.908,0.78257,86.23
1.165,18.678,0.76503,82.629
1.27,21.031,0.81654,80.645
1.29,19.245,1.0652,78.392
1.255,17.828,1.0322,78.754
1.29,18.776,0.902,76.731
1.35,20.023,1.0049,76.519
1.245,19.895,0.79957,80.381
1.205,18.961,0.78153,80.304
1.245,19.842,0.91423,82.061
1.215,18.399,0.92636,79.517
1.195,17.29,0.86426,79.796
1.265,19.105,0.798,77.527
1.19,18.005,0.58292,80.21
1.225,19.452,0.78626,81.034
1.165,17.017,0.72831,79.377
1.25,17.128,1.0226,75.335
1.225,16.616,1.0147,75.414
1.225,16.086,1.0043,75.436
1.27,17.947,0.93467,75.763
1.285,18.063,0.99598,76.031
1.355,17.974,1.2234,72.645
1.19,18.843,0.69162,79.986
1.23,19.366,0.82605,81.891
1.29,18.942,1.0698,75.426
1.265,17.699,1.2283,76.445
1.235,16.381,0.90992,73.986
1.335,19.722,1.1184,75.919
1.215,17.897,0.99419,80.263
1.21,17.15,0.75686,77.618
1.26,18.281,0.9258,77.57
1.285,18.579,0.91391,74.805
1.195,17.748,0.86914,80.67
1.28,17.851,1.2934,77.493
1.12,16.897,0.72878,80.509
1.22,18.269,0.95977,78.557
1.22,18.237,0.80488,78.878
1.205,15.653,0.84823,73.983
1.315,17.89,1.1178,75.035
1.3,18.158,1.0037,76.436
1.3,18.784,1.1272,75.643
1.33,19.298,1.4562,74.437
1.445,21.77,1.7496,74.851
1.34,19.904,1.4856,76.818
1.355,19.626,1.5539,75.253
1.355,19.069,1.3454,73.556
1.365,18.718,1.2951,74.161
1.33,18.242,1.2313,73.198
1.41,20.838,1.6668,74.883
1.335,19.637,1.5581,77.216
1.275,17.866,1.1395,75.049
1.29,18.007,1.1525,74.314
1.34,18.039,1.4229,73.348
1.325,17.102,1.1095,71.524
1.3,17.904,1.0249,73.525
1.235,17.061,1.0026,76.362
1.31,18.492,1.2006,75.25
1.285,19.162,1.1174,77.747
1.245,18.698,0.89138,77.948
1.23,17.297,0.82767,75.944
1.225,16.961,0.90064,76.514
1.235,19.102,0.77979,79.492
1.29,19.504,0.96456,77.673
1.26,18.392,0.99819,78.314
1.29,19.452,1.2848,77.203
1.27,18.91,1.0733,78.075
1.29,19.844,0.87512,78.614
1.235,18.502,0.94386,78.632
1.335,18.794,1.1864,74.276
1.3,19.284,1.0681,75.589
1.265,19.339,0.97884,77.937
1.29,18.063,0.95641,74.704
1.315,17.44,1.2126,73.586
1.34,19.513,1.3901,76.723
1.27,17.206,1.096,75.372
1.295,17.646,1.0745,72.142
1.245,17.105,1.1039,74.329
1.205,18.96,0.7473,80.318
1.175,15.758,0.78024,76.501
1.325,16.793,1.3745,71.852
1.24,17.609,0.87931,74.863
1.2,17.704,0.87551,77.546
1.215,16.79,0.88078,76.719
1.32,17.941,1.1841,74.218
1.275,16.426,1.3736,70.764
1.27,17.338,0.90554,75.471
1.15,15.974,0.62739,75.373
1.13,17.361,0.53842,79.134
1.225,19.185,0.81861,79.63
1.135,19.105,0.72198,84.621
1.19,20.491,0.75671,83.156
1.21,18.278,0.81953,78.248
1.17,15.966,0.68166,74.25
1.185,17.472,0.73329,76.616
1.36,20.562,0.94331,74.365
1.195,17.245,0.7182,76.404
1.29,19.591,0.87201,78.696
1.2,15.332,0.87445,74.431
1.25,19.467,0.97663,78.365
1.28,20.005,1.0705,77.967
1.275,18.571,1.0615,75.522
1.335,20.424,1.1304,76.958
1.25,17.994,0.95691,75.793
1.225,17.156,0.80073,75.515
1.275,20.452,0.91847,80.571
1.325,18.907,1.36,72.082
1.33,19.394,1.0162,75.635
1.245,18.014,0.97246,77.025
1.26,18.994,0.86232,77.344
1.26,18.41,0.79623,76.309
1.285,19.911,0.98693,78.505
1.24,17.345,1.0312,75.745
1.28,18.419,0.97066,74.939
1.305,19.109,1.2573,78.144
1.285,18.608,1.3714,77.01
1.31,18.613,1.4176,73.774
1.285,17.515,1.2288,72.326
1.315,17.084,1.2017,70.291
1.27,16.427,1.0331,73.319
1.28,18.503,1.0982,75.758
1.3,20.191,1.0526,77.581
1.285,18.539,1.1408,75.792
1.3,18.707,1.12,78.276
1.28,17.763,1.0278,73.883
1.365,21.078,1.2623,77.565
1.26,18.551,1.0633,76.862
1.335,19.834,1.2781,76.187
1.355,17.958,1.3667,71.863
1.365,19.78,1.4362,74.202
1.345,19.55,1.3465,77.622
1.255,16.592,1.2124,72.629
1.26,16.459,1.0706,74.118
1.245,17.977,0.9349,76.269
1.245,16.446,0.78295,73.78
1.25,19.207,0.69671,77.596
1.2,17.184,0.83807,79.605
1.28,16.86,1.0686,74.269
1.28,16.395,1.0629,70.955
1.275,16.463,1.1571,72.109
1.34,18.522,1.3849,73.706
1.335,18.879,1.4616,74.194
1.33,18.187,1.7229,73.16
1.355,19.201,1.432,73.766
1.355,19.045,1.2502,74.652
1.285,16.394,1.1905,72.721
1.31,18.31,1.3534,74.986
1.3,18.348,1.2246,76.557
1.25,17.855,1.0993,76.197
1.295,19.686,1.1088,78.116
1.29,18.518,1.1941,76.841
1.28,17.721,1.2798,75.733
1.29,17.714,1.1467,74.118
1.35,18.735,1.4142,72.193
1.37,18.857,1.7508,73.223
1.38,19.555,1.6894,73.95
1.3,17.65,1.2447,74.384
1.275,18.263,1.4143,76.905
1.23,16.755,1.2238,74.159
1.245,17.647,1.0797,76.227
1.275,18.327,0.98125,77.163
1.275,17.597,1.057,73.81
1.27,17.428,1.0851,75.453
1.3,18.7,1.2015,76.433
1.29,18.488,1.3227,75.535
1.32,19.128,1.2523,75.117
1.255,17.395,1.1068,74.709
1.25,17.425,1.035,75.162
1.2,17.473,0.91776,75.563
1.2,17.444,0.7445,77.854
1.205,17.045,0.78935,76.97
1.255,18.614,0.89859,79.077
1.21,17.612,0.86202,79.566
1.18,14.582,1.1559,73.4
1.335,18.239,1.2625,65.125
1.215,17.994,1.0373,74.185
1.115,17.904,0.8043,69.346
1.285,17.218,1.5705,64.312
1.08,18.974,0.50922,72.9
1.055,15.117,0.83204,78.358
1.32,20.126,1.1047,76.081
1.195,17.428,0.96193,78.252
1.195,18.039,0.88257,81.205
1.25,18.263,0.90423,78.031
1.265,18.123,1.1407,79.095
1.26,18.094,1.0092,78.293
1.29,17.646,1.147,74.346
1.335,20.472,1.2941,78.216
1.295,20.803,1.2786,80.431
1.28,18.94,1.3229,78.777
1.35,19.73,1.2748,75.846
1.295,18.255,1.109,74.488
1.27,17.299,1.2711,75.328
1.34,19.121,1.3068,74.063
1.33,18.18,1.3365,73.347
1.27,17.459,0.95675,75.185
1.38,20.082,1.5778,75.316
1.325,17.602,1.1612,71.358
1.25,19.217,1.0543,78.75
1.215,16.94,0.88853,76.109
1.32,17.969,1.5772,72.399
1.32,17.811,1.2934,72.913
1.225,18.357,0.8755,77.942
1.27,16.569,1.2755,73.485
1.37,19.509,1.3539,74.882
1.325,20.399,1.6339,79.129
1.295,18.831,1.2237,76.109
1.26,18.162,1.0776,79.227
1.29,19.03,1.0954,78.378
1.265,18.761,1.0384,78.028
1.245,18.427,0.98498,78.169
1.225,17.228,0.85512,76.501
1.27,18.507,1.1975,75.955
1.34,19.831,1.4436,77.018
1.265,18.576,1.3226,77.385
1.28,18.936,1.3333,78.537
1.3,18.019,1.2024,75.278
1.275,18.453,0.93628,76.178
1.11,19.048,0.56247,80.275
1.32,18.21,1.1636,61.167
1.29,15.42,1.5049,62.318
1.22,18.504,0.84015,73.018
1.27,16.583,1.458,73.483
1.27,18.419,1.1261,77.504
1.245,18.883,0.9152,80.085
1.21,19.19,0.75428,81.662
1.225,18.439,0.69684,78.913
1.225,18.776,0.65696,78.392
1.175,18.967,0.66125,83.202
1.24,19.115,0.85976,80.754
1.25,18.371,0.9122,78.389
1.2,17.799,0.83389,78.364
1.21,17.592,0.82805,77.795
1.265,18.963,0.84805,75.491
1.275,19.861,0.73629,79.254
1.225,17.472,0.75399,75.103
1.355,21.018,1.1105,77.234
1.355,20.419,1.0627,78.455
1.28,19.448,1.0053,78.253
1.275,17.83,1.0614,74.868
1.335,19.772,1.1937,76.571
1.27,19.582,0.90711,80.573
1.225,16.859,0.75581,74.604
1.295,17.678,0.93698,74.381
1.325,19.435,1.1505,75.812
1.34,20.454,1.1384,77.894
1.26,18.7,1.3003,77.579
1.28,17.404,1.0667,75.937
1.365,19.745,1.229,71.047
1.205,15.484,1.1045,70.765
1.25,17.655,1.0245,75.245
1.235,17.027,0.919,72.97
1.21,17.443,0.75628,76.393
1.22,18.015,0.79443,76.036
1.245,19.903,0.91595,77.714
1.175,17.534,0.88612,80.641
1.305,20.511,0.96028,80.673
1.2,19.45,0.72082,82.097
1.17,17.188,0.73916,79.057
1.21,17.514,0.70718,78.782
1.205,19.866,0.72379,82.78
1.125,18.294,0.54714,84.422
1.255,18.41,1.022,78.661
1.31,19.564,1.3326,77.732
1.315,18.9,1.5002,74.865
1.32,16.596,1.3942,71.861
1.365,19.249,1.3717,73.488
1.29,18.121,1.0601,75.382
1.195,17.285,0.842,78.391
1.23,18.82,0.81521,78.993
1.205,18.547,0.74985,80.675
1.215,21.014,0.77434,83.779
1.135,17.999,0.6691,81.268
1.18,18.274,0.66272,82.375
1.18,19.444,0.67049,83.829
1.2,16.93,0.76158,76.719
1.32,19.812,1.222,69.109
1,10.871,0.65306,59.836
1.315,17.268,1.8977,56.882
1.295,20.184,0.93015,70.859
1.265,18.917,1.3034,73.981
1.155,14.916,1.0737,61.451
1.345,29.555,0.75215,76.357
1.13,20.252,0.54143,83.093
1.265,17.876,0.96709,75.437
1.135,19.328,0.46313,80.986
1.22,19.968,0.78646,82.28
1.17,19.572,0.72517,83.198
1.21,19.065,0.76627,81.367
1.21,19.703,0.83712,81.931
1.125,18.68,0.63409,84.206
1.27,19.861,0.9188,79.74
1.29,19.469,0.85221,77.823
1.21,18.244,0.72849,79.245
1.22,18.234,0.8862,78.259
1.29,19.217,1.1383,77.967
1.295,20.325,1.0706,79.698
1.215,18.605,0.96711,78.739
1.28,18.057,1.1103,75.469
1.23,18.479,0.78204,78.37
1.205,17.836,0.91187,78.156
1.265,19.095,1.0114,78.197
1.23,19.369,0.95599,81.61
1.22,18.345,0.84343,79.943
